{"inputUnits":[63],"outputUnits":5,"inputs":{"0":{"dtype":"number","min":0.7142512202262878,"max":0.8053260445594788},"1":{"dtype":"number","min":0.7633290886878967,"max":0.8385587930679321},"2":{"dtype":"number","min":-1.732906866891426e-7,"max":7.682427849431406e-7},"3":{"dtype":"number","min":0.6453967094421387,"max":0.7298049926757812},"4":{"dtype":"number","min":0.7172939777374268,"max":0.7876086235046387},"5":{"dtype":"number","min":-0.029378456994891167,"max":-0.01837838999927044},"6":{"dtype":"number","min":0.5832432508468628,"max":0.6933057308197021},"7":{"dtype":"number","min":0.623566746711731,"max":0.6647416949272156},"8":{"dtype":"number","min":-0.052682701498270035,"max":-0.02702866494655609},"9":{"dtype":"number","min":0.5357000231742859,"max":0.7335753440856934},"10":{"dtype":"number","min":0.5376518964767456,"max":0.5928329825401306},"11":{"dtype":"number","min":-0.07822403311729431,"max":-0.030518589541316032},"12":{"dtype":"number","min":0.49017637968063354,"max":0.7929230332374573},"13":{"dtype":"number","min":0.5209821462631226,"max":0.5752555727958679},"14":{"dtype":"number","min":-0.10127641260623932,"max":-0.033614255487918854},"15":{"dtype":"number","min":0.6388216018676758,"max":0.7248825430870056},"16":{"dtype":"number","min":0.4727371335029602,"max":0.5477910041809082},"17":{"dtype":"number","min":-0.0322970449924469,"max":-0.000018138696759706363},"18":{"dtype":"number","min":0.6072289943695068,"max":0.712001621723175},"19":{"dtype":"number","min":0.34178534150123596,"max":0.4529034495353699},"20":{"dtype":"number","min":-0.076031394302845,"max":-0.008804273791611195},"21":{"dtype":"number","min":0.5916032195091248,"max":0.6993765234947205},"22":{"dtype":"number","min":0.2630920708179474,"max":0.3919970989227295},"23":{"dtype":"number","min":-0.09760226309299469,"max":-0.017232712358236313},"24":{"dtype":"number","min":0.5801887512207031,"max":0.7010137438774109},"25":{"dtype":"number","min":0.19383803009986877,"max":0.33755192160606384},"26":{"dtype":"number","min":-0.11277305334806442,"max":-0.02662857621908188},"27":{"dtype":"number","min":0.6924377083778381,"max":0.786484956741333},"28":{"dtype":"number","min":0.47677695751190186,"max":0.522606372833252},"29":{"dtype":"number","min":-0.04586772620677948,"max":-0.004332537762820721},"30":{"dtype":"number","min":0.691733181476593,"max":0.7987555265426636},"31":{"dtype":"number","min":0.3550472855567932,"max":0.4186573326587677},"32":{"dtype":"number","min":-0.11235816031694412,"max":-0.01108712051063776},"33":{"dtype":"number","min":0.6887532472610474,"max":0.8104134798049927},"34":{"dtype":"number","min":0.26974448561668396,"max":0.5113517045974731},"35":{"dtype":"number","min":-0.12193350493907928,"max":-0.019988832995295525},"36":{"dtype":"number","min":0.689425528049469,"max":0.8284225463867188},"37":{"dtype":"number","min":0.19645154476165771,"max":0.5747199058532715},"38":{"dtype":"number","min":-0.11574746668338776,"max":-0.026558980345726013},"39":{"dtype":"number","min":0.7438456416130066,"max":0.8331891298294067},"40":{"dtype":"number","min":0.4940248727798462,"max":0.5554787516593933},"41":{"dtype":"number","min":-0.06465335190296173,"max":-0.014309555292129517},"42":{"dtype":"number","min":0.74925696849823,"max":0.853802502155304},"43":{"dtype":"number","min":0.3821161985397339,"max":0.5484651923179626},"44":{"dtype":"number","min":-0.11840274184942245,"max":-0.03095763735473156},"45":{"dtype":"number","min":0.7153428196907043,"max":0.814579963684082},"46":{"dtype":"number","min":0.3095332682132721,"max":0.624367356300354},"47":{"dtype":"number","min":-0.11192937195301056,"max":-0.04930393397808075},"48":{"dtype":"number","min":0.726127028465271,"max":0.7896459698677063},"49":{"dtype":"number","min":0.24401429295539856,"max":0.6517745852470398},"50":{"dtype":"number","min":-0.10666557401418686,"max":-0.06141415983438492},"51":{"dtype":"number","min":0.7904601097106934,"max":0.8795138001441956},"52":{"dtype":"number","min":0.5342918038368225,"max":0.6254761815071106},"53":{"dtype":"number","min":-0.08766288310289383,"max":-0.02732456848025322},"54":{"dtype":"number","min":0.765438437461853,"max":0.8839359283447266},"55":{"dtype":"number","min":0.46394965052604675,"max":0.6449163556098938},"56":{"dtype":"number","min":-0.12014386057853699,"max":-0.04632509499788284},"57":{"dtype":"number","min":0.7393622398376465,"max":0.884307861328125},"58":{"dtype":"number","min":0.4111086130142212,"max":0.6890787482261658},"59":{"dtype":"number","min":-0.11924977600574493,"max":-0.0593540333211422},"60":{"dtype":"number","min":0.7503181099891663,"max":0.9065369367599487},"61":{"dtype":"number","min":0.35961994528770447,"max":0.6973618865013123},"62":{"dtype":"number","min":-0.11297041922807693,"max":-0.06837406009435654}},"outputs":{"label":{"dtype":"string","min":0,"max":1,"uniqueValues":["een-vinger","twee-vinger","drie-vinger","vier-vinger","vijf-vinger"],"legend":{"een-vinger":[1,0,0,0,0],"twee-vinger":[0,1,0,0,0],"drie-vinger":[0,0,1,0,0],"vier-vinger":[0,0,0,1,0],"vijf-vinger":[0,0,0,0,1]}}},"isNormalized":true}